<?xml version="1.0" encoding="utf-8" ?>
<dwsync>
<file name="styles.less" server="164.132.233.62" local="131182536629440099" remote="131028120000000000" Dst="2" />
<file name="reset.css" server="164.132.233.62" local="131182536629480205" remote="130822488000000000" Dst="2" />
<file name="styles.css" server="164.132.233.62" local="131187150562231597" remote="131187078600000000" Dst="2" />
<file name="__stylizer.htm" server="164.132.233.62" local="131182536631084472" remote="131142168000000000" Dst="2" />
<file name="__stylizer.htm" server="//DEADBEEFSERV/ko/" local="131182536631084472" remote="131182536630000000" Dst="2" />
<file name="reset.css" server="//DEADBEEFSERV/ko/" local="131182536629480205" remote="131182536620000000" Dst="2" />
<file name="styles.css" server="//DEADBEEFSERV/ko/" local="131278749590127921" remote="131278749590000000" Dst="1" />
<file name="styles.less" server="//DEADBEEFSERV/ko/" local="131182536629440099" remote="131182536620000000" Dst="2" />
<file name="pilotStats.css" server="164.132.233.62" local="131187145256071420" remote="131187073200000000" Dst="2" />
<file name="pilotStats.css" server="//DEADBEEFSERV/ko/" local="131187145256071420" remote="131187145250000000" Dst="2" />
<file name="styles.css" server="164.132.233.62/htdocs/ko/" local="131229706616073963" remote="131234356800000000" Dst="1" />
<file name="slotlist.css" server="//DEADBEEFSERV/ko/" local="131234427808596189" remote="131234427800000000" Dst="1" />
<file name="map.css" server="164.132.233.62/htdocs/ko/" local="131229609641912671" remote="131234356800000000" Dst="1" />
<file name="slotlist.css" server="164.132.233.62/htdocs/ko/" local="131234427808596189" remote="131234392200000000" Dst="1" />
<file name="map.css" server="//DEADBEEFSERV/ko/" local="131278749010000000" remote="131278749010000000" Dst="1" />
<file name="briefing.css" server="//DEADBEEFSERV/ko/" local="131278742030321794" remote="131278742030000000" Dst="1" />
<file name="briefing.css" server="164.132.233.62/htdocs/ko/" local="131270535436644072" remote="131270499600000000" Dst="1" />
</dwsync>